Column_0,Column_1,Column_2,Column_3,Column_4
"[[[98.0, 32.0], [162.0, 32.0], [162.0, 50.0], [98.0, 50.0]], ('正字記号', 0.8501390814781189)]","[[[3.0, 54.0], [243.0, 54.0], [243.0, 68.0], [3.0, 68.0]], ('是日本、台湾、韩國等用來計数的方法之一', 0.8906776905059814)]","[[[22.0, 71.0], [239.0, 71.0], [239.0, 85.0], [22.0, 85.0]], ('正是横竖直線所組成的五筆汉字，', 0.8971446752548218)]","[[[28.0, 89.0], [228.0, 89.0], [228.0, 103.0], [28.0, 103.0]], ('因此在計算及書寫上相當容易辨明。', 0.9547865390777588)]","[[[85.0, 127.0], [200.0, 129.0], [200.0, 155.0], [85.0, 152.0]], ('T下正正', 0.9198551177978516)]"
